path,filename,extension,folder,type,category,size_kb,lines,complexity,description,status,url,file_count,linked_db,db_tables,db_actions,db_access,depends_on,included_by,loaded_by,feature_area,requires_auth,public_facing,migration_priority,can_delete,notes
about.asp,about.asp,asp,(root),file,page,9.43,175,medium,About page: project history (2005 Rothfarb → 2022 Madrasa NGO); contributors; usage stats (hardcoded 2021); copyright. Static content — opens DB connection for trailer.asp avatar query only; runs no queries itself.,active,https://milon.madrasafree.com/about.asp,,arabicManager,tasks,,,"inc/inc.asp, inc/header.asp, inc/top.asp, inc/trailer.asp",,,dictionary,no,yes,,no,
activity.asp,activity.asp,asp,(root),file,page,28.11,626,high,Recent activity feed,active,https://milon.madrasafree.com/activity.asp,,"arabicWords, arabicUsers","history, labels, lists, media, users, words",SELECT,read,"inc/inc.asp, inc/time.asp, inc/header.asp, inc/top.asp, inc/trailer.asp",,,admin,,no,,,
admin.allowEditToggle.asp,admin.allowEditToggle.asp,asp,(root),file,page,1.07,39,low,Toggle site-wide editing permission flag,active,https://milon.madrasafree.com/admin.allowEditToggle.asp,,arabicUsers,allowEdit,"SELECT, UPDATE",read-write,inc/inc.asp,,,admin,admin-only,no,,,
admin.asp,admin.asp,asp,(root),file,page,3.86,119,medium,Admin dashboard,active,https://milon.madrasafree.com/admin.asp,,"arabicWords, arabicUsers","allowEdit, lists, loginLog, users, wordsShort",SELECT,read,"inc/inc.asp, inc/time.asp, inc/header.asp, inc/top.asp, inc/trailer.asp",,,admin,admin-only,no,,,
admin.labelControl.asp,admin.labelControl.asp,asp,(root),file,page,2.0,62,low,Admin: manage and edit word category labels,active,https://milon.madrasafree.com/admin.labelControl.asp,,arabicWords,labels,"INSERT, SELECT",read-write,"inc/inc.asp, inc/header.asp, inc/top.asp",,,admin,admin-only,no,,,
admin.labelNew.insert.asp,admin.labelNew.insert.asp,asp,(root),file,handler,1.43,59,low,Handler: create new word label,active,,,arabicWords,labels,"INSERT, SELECT",read-write,inc/inc.asp,,,admin,admin-only,no,,,
admin.listAllWords.asp,admin.listAllWords.asp,asp,(root),file,page,2.43,69,low,Admin: full word list with filtering and sorting,active,https://milon.madrasafree.com/admin.listAllWords.asp,,"arabicWords, arabicUsers","users, words",SELECT,read,"inc/inc.asp, inc/header.asp, inc/top.asp, inc/trailer.asp",,,admin,admin-only,no,,,
admin.locked.asp,admin.locked.asp,asp,(root),file,page,2.77,111,medium,Admin: unlock words that have been locked,active,https://milon.madrasafree.com/admin.locked.asp,,arabicWords,words,"SELECT, UPDATE",read-write,"inc/inc.asp, inc/time.asp, inc/header.asp, inc/top.asp, inc/trailer.asp",,,admin,admin-only,no,,,
admin.log.duration.asp,admin.log.duration.asp,asp,(root),file,page,8.39,342,high,Admin: server request duration performance log,active,https://milon.madrasafree.com/admin.log.duration.asp,,"arabicWords, arabicUsers","users, words",SELECT,read,"inc/inc.asp, inc/time.asp, inc/header.asp, inc/top.asp, inc/trailer.asp",,,admin,admin-only,no,,,
admin.loginHistory.asp,admin.loginHistory.asp,asp,(root),file,page,1.5,50,low,Admin: user login history and session log,active,https://milon.madrasafree.com/admin.loginHistory.asp,,arabicUsers,"loginLog, users",SELECT,read,"inc/inc.asp, inc/header.asp, inc/top.asp",,,admin,admin-only,no,,,
admin.monitors.asp,admin.monitors.asp,asp,(root),file,page,3.29,129,medium,Admin: system health and database status monitor,active,https://milon.madrasafree.com/admin.monitors.asp,,arabicWords,lists,SELECT,read,"inc/inc.asp, inc/time.asp, inc/header.asp, inc/top.asp, inc/trailer.asp",,,admin,admin-only,no,,,
admin.monitors.email.php,admin.monitors.email.php,php,(root),file,script,0.84,38,low,Admin: send monitoring alert emails,active,,,arabicWords,lists,,,,,,admin,admin-only,no,,,
admin.readOnlyToggle.asp,admin.readOnlyToggle.asp,asp,(root),file,page,1.07,39,low,Toggle site-wide read-only mode,active,https://milon.madrasafree.com/admin.readOnlyToggle.asp,,arabicUsers,allowEdit,"SELECT, UPDATE",read-write,inc/inc.asp,,,admin,admin-only,no,,,
admin.searchHistory.24h.asp,admin.searchHistory.24h.asp,asp,(root),file,page,4.24,151,medium,Admin: top searches from the last 24 hours,active,https://milon.madrasafree.com/admin.searchHistory.24h.asp,,arabicSearch,"latestSearched, wordsSearched",SELECT,read,"inc/inc.asp, inc/time.asp, inc/header.asp, inc/top.asp, inc/trailer.asp",,,admin,admin-only,no,,,
admin.searchHistory.7days.asp,admin.searchHistory.7days.asp,asp,(root),file,page,4.19,151,medium,Admin: top searches from the last 7 days,active,https://milon.madrasafree.com/admin.searchHistory.7days.asp,,arabicSearch,"latestSearched, wordsSearched",SELECT,read,"inc/inc.asp, inc/time.asp, inc/header.asp, inc/top.asp, inc/trailer.asp",,,admin,admin-only,no,,,
admin.searchHistory.asp,admin.searchHistory.asp,asp,(root),file,page,3.26,121,medium,Admin: full search query history with analytics,active,https://milon.madrasafree.com/admin.searchHistory.asp,,arabicSearch,wordsSearched,SELECT,read,"inc/inc.asp, inc/time.asp, inc/header.asp, inc/top.asp, inc/trailer.asp",,,admin,admin-only,no,,,
admin.searchHistory.last50.asp,admin.searchHistory.last50.asp,asp,(root),file,page,3.96,145,medium,Admin: last 50 search queries,active,https://milon.madrasafree.com/admin.searchHistory.last50.asp,,arabicSearch,"latestSearched, wordsSearched",SELECT,read,"inc/inc.asp, inc/time.asp, inc/header.asp, inc/top.asp, inc/trailer.asp",,,admin,admin-only,no,,,
admin.searchHistory.noExact.asp,admin.searchHistory.noExact.asp,asp,(root),file,page,5.23,161,medium,Admin: searches that returned no exact match,active,https://milon.madrasafree.com/admin.searchHistory.noExact.asp,,arabicSearch,wordsSearched,"SELECT, UPDATE",read-write,"inc/inc.asp, inc/time.asp, inc/header.asp, inc/top.asp, inc/trailer.asp",,,admin,admin-only,no,,,
admin.searchHistory.noSentence.asp,admin.searchHistory.noSentence.asp,asp,(root),file,page,3.8,144,medium,Admin: popular searches with no example sentences,active,https://milon.madrasafree.com/admin.searchHistory.noSentence.asp,,arabicSearch,wordsSearched,SELECT,read,"inc/inc.asp, inc/time.asp, inc/header.asp, inc/top.asp, inc/trailer.asp",,,admin,admin-only,no,,,
admin.searchHistory.since2009.asp,admin.searchHistory.since2009.asp,asp,(root),file,page,5.04,160,medium,Admin: search history since site launch (2009),active,https://milon.madrasafree.com/admin.searchHistory.since2009.asp,,arabicSearch,wordsSearched,"SELECT, UPDATE",read-write,"inc/inc.asp, inc/time.asp, inc/header.asp, inc/top.asp, inc/trailer.asp",,,admin,admin-only,no,,,
admin.select.asp,admin.select.asp,asp,(root),file,page,1.16,43,low,Admin: custom dropdown field editor,active,https://milon.madrasafree.com/admin.select.asp,,arabicWords,words,SELECT,read,"inc/inc.asp, inc/header.asp",,,admin,admin-only,no,,,
admin.userControl.asp,admin.userControl.asp,asp,(root),file,page,2.78,89,medium,Admin: user management – assign roles and permissions,active,https://milon.madrasafree.com/admin.userControl.asp,,arabicUsers,users,SELECT,read,"inc/inc.asp, inc/time.asp, inc/header.asp, inc/top.asp",,,admin,admin-only,no,,,
admin.userControl.full.asp,admin.userControl.full.asp,asp,(root),file,page,6.15,164,medium,Admin: user management – full detail view,active,https://milon.madrasafree.com/admin.userControl.full.asp,,"arabicWords, arabicUsers","lists, loginLog, users",SELECT,read,"inc/inc.asp, inc/time.asp, inc/header.asp, inc/top.asp",,,admin,admin-only,no,,,
admin.userEdit.asp,admin.userEdit.asp,asp,(root),file,page,4.57,92,medium,Admin: edit user account details,active,https://milon.madrasafree.com/admin.userEdit.asp,,arabicUsers,users,"SELECT, UPDATE",read-write,"inc/inc.asp, inc/header.asp",,,admin,admin-only,no,,,
admin.userEdit.update.asp,admin.userEdit.update.asp,asp,(root),file,handler,1.46,47,low,Handler: save user account edits,active,,,arabicUsers,users,UPDATE,write,inc/inc.asp,,,admin,admin-only,no,,,
admin.userNew.asp,admin.userNew.asp,asp,(root),file,page,2.52,46,low,Admin: create new user account,active,https://milon.madrasafree.com/admin.userNew.asp,,,,INSERT,write,"inc/inc.asp, inc/header.asp",,,admin,admin-only,no,,,
admin.userNew.insert.asp,admin.userNew.insert.asp,asp,(root),file,handler,1.52,52,low,Handler: insert new user account,active,,,arabicUsers,users,"INSERT, SELECT",read-write,"inc/inc.asp, inc/time.asp",,,admin,admin-only,no,,,
admin.wordsShort.asp,admin.wordsShort.asp,asp,(root),file,page,3.91,158,medium,Admin: manage short search keywords and aliases,active,https://milon.madrasafree.com/admin.wordsShort.asp,,arabicWords,wordsShort,"DELETE, INSERT, SELECT, UPDATE",read-write,"inc/inc.asp, inc/time.asp, inc/header.asp, inc/top.asp, inc/trailer.asp",,,admin,admin-only,no,,,
clock.asp,clock.asp,asp,(root),file,page,21.49,541,high,Clock page,active,https://milon.madrasafree.com/clock.asp,,arabicWords,media,,,"inc/inc.asp, inc/header.asp, inc/top.asp, inc/trailer.asp",,,admin,,no,,,
css/,css,,(root),directory,,,,,Stylesheets,active,,12,,,,,,,,,,,,,
css/arabic_2020.css,arabic_2020.css,css,css,file,style,1.86,118,medium,Main public site styles (2020 redesign),active,,,,,,,,,inc/topNav.asp,infrastructure,,no,,,
css/arabic_admin.css,arabic_admin.css,css,css,file,style,2.3,49,low,Admin section styles,active,,,,,,,,,admin.asp,infrastructure,,no,,,
css/arabic_admin_slider.css,arabic_admin_slider.css,css,css,file,style,0.98,58,low,Admin slider/toggle component styles,active,,,,,,,,,admin.asp,infrastructure,,no,,,
css/arabic_constant.css,arabic_constant.css,css,css,file,style,9.96,205,medium,"Shared base styles: colors, fonts, constants",active,,,,,,,,,"inc/header.asp, inc/header2016x.asp, team/inc/header.asp",infrastructure,,no,,,
css/arabic_from500high.css,arabic_from500high.css,css,css,file,style,0.16,11,low,Desktop high-DPI (retina) responsive styles,active,,,,,,,,,"inc/header.asp, team/inc/header.asp",infrastructure,,no,,,
css/arabic_from500wide.css,arabic_from500wide.css,css,css,file,style,0.87,23,low,Desktop (≥500px) responsive styles,active,,,,,,,,,"inc/header.asp, team/inc/header.asp",infrastructure,,no,,,
css/arabic_upto499high.css,arabic_upto499high.css,css,css,file,style,0.18,7,low,Mobile high-DPI (retina) responsive styles,active,,,,,,,,,"inc/header.asp, team/inc/header.asp",infrastructure,,no,,,
css/arabic_upto499wide.css,arabic_upto499wide.css,css,css,file,style,1.46,40,low,Mobile (≤499px) responsive styles,active,,,,,,,,,"inc/header.asp, team/inc/header.asp",infrastructure,,no,,,
css/arabic_utils.css,arabic_utils.css,css,css,file,style,0.67,39,low,,active,,,,,,,,,"admin.locked.asp, admin.log.duration.asp, admin.monitors.asp, admin.searchHistory.24h.asp, admin.searchHistory.7days.asp, admin.searchHistory.asp, admin.searchHistory.last50.asp, admin.searchHistory.noExact.asp, admin.searchHistory.noSentence.asp, admin.searchHistory.since2009.asp, admin.wordsShort.asp, sentence.asp, sentences.asp",infrastructure,,no,,,
css/devMode.css,devMode.css,css,css,file,style,0.53,35,low,Developer-mode visual indicator styles,active,,,,,,,,,"team.task.edit.update.asp, team.task.new.insert.asp, team.task.vote.asp",infrastructure,,no,,,
css/nav.css,nav.css,css,css,file,style,2.37,49,low,Navigation bar styles,active,,,,,,,,,"inc/header.asp, inc/header2016x.asp, team/inc/header.asp",infrastructure,,no,,,
css/normalize.css,normalize.css,css,css,file,style,8.03,428,high,CSS reset/normalize,active,,,,,,,,,"inc/header.asp, inc/header2016x.asp, team/inc/header.asp",infrastructure,,no,,,
dashboard.asp,dashboard.asp,asp,(root),file,page,16.38,431,high,Dashboard,active,https://milon.madrasafree.com/dashboard.asp,,"arabicWords, arabicManager","lists, media, taskNoPlural, words",SELECT,read,"inc/inc.asp, inc/header.asp, inc/top.asp, inc/trailer.asp",,,admin,,no,,,
dashboard.lists.asp,dashboard.lists.asp,asp,(root),file,page,7.82,166,medium,Dashboard: lists section,active,https://milon.madrasafree.com/dashboard.lists.asp,,"arabicWords, arabicManager","lists, media, taskNoPlural, words, wordsLinks",SELECT,read,"inc/inc.asp, inc/functions/functions.asp, inc/header.asp, inc/top.asp, inc/trailer.asp",,,admin,,no,,,
default.asp,default.asp,asp,(root),file,page,43.42,954,high,Homepage / search,active,https://milon.madrasafree.com/default.asp,,"arabicWords, arabicUsers, arabicSearch, arabicManager","history, labels, latestSearched, lists, media, sentences, tasks, users, words, wordsLabels, wordsMedia, wordsRelations, wordsSearched, wordsShort","INSERT, SELECT, UPDATE",read-write,"inc/inc.asp, team/inc/functions/string.asp, inc/functions/functions.asp, inc/time.asp, inc/header.asp, inc/top.asp, team/inc/functions/soundex.asp, inc/banner.asp, inc/trailer.asp",,,dictionary,no,yes,,,
default.ERR MSG.asp,default.ERR MSG.asp,asp,(root),file,page,1.36,26,low,Homepage error message fallback,active,https://milon.madrasafree.com/default.ERR MSG.asp,,arabicWords,media,,,inc/header.asp,,,other,no,yes,,,
default.min.asp,default.min.asp,asp,(root),file,page,10.77,276,medium,Homepage: minimal/lightweight version,active,https://milon.madrasafree.com/default.min.asp,,"arabicWords, arabicSearch","history, labels, words, wordsMedia, wordsSearched","INSERT, SELECT, UPDATE",read-write,"inc/inc.asp, team/inc/functions/string.asp, team/inc/functions/soundex.asp",,,dictionary,no,yes,,,
error_docs/,error_docs,,(root),directory,,,,,Custom IIS HTTP error pages,active,,1,,,,,,,,,,,,,
error_docs/not_found.html,not_found.html,html,error_docs,file,other,1.71,56,low,Custom 404 error page — referenced in web.config httpErrors,active,,,,,,,,,,infrastructure,,no,,no,
file-inventory.csv,file-inventory.csv,csv,(root),file,other,59.21,238,medium,Auto-generated file inventory (this file),active,,,,,,,,,,infrastructure,,no,,,
games.mem.asp,games.mem.asp,asp,(root),file,page,4.82,175,medium,Memory game: 20 random word images with translations,active,https://milon.madrasafree.com/games.mem.asp,,arabicWords,"media, words",SELECT,read,"inc/inc.asp, inc/functions/functions.asp, inc/header.asp, inc/top.asp, inc/trailer.asp",,,games,no,yes,,,
games.mem.list.asp,games.mem.list.asp,asp,(root),file,page,5.59,170,medium,Memory game: play a specific word list,active,https://milon.madrasafree.com/games.mem.list.asp,,arabicWords,"lists, words, wordsLists",SELECT,read,"inc/inc.asp, inc/functions/functions.asp, inc/header.asp, inc/top.asp, inc/trailer.asp",,,games,no,yes,,,
games.mem.pics.asp,games.mem.pics.asp,asp,(root),file,page,6.84,252,medium,Memory game: picture-matching variant,active,https://milon.madrasafree.com/games.mem.pics.asp,,arabicWords,"lists, media, words, wordsLists, wordsMedia",SELECT,read,"inc/inc.asp, inc/functions/functions.asp, inc/header.asp, inc/top.asp, inc/trailer.asp",,,games,no,yes,,,
guide.asp,guide.asp,asp,(root),file,page,0.7,26,low,Thin shell wrapping team/guide.embed.asp — transliteration and pronunciation reference guide for Hebrew→Arabic notation,active,https://milon.madrasafree.com/guide.asp,,,,,,"inc/inc.asp, inc/header.asp, team/inc/functions.asp, inc/top.asp, team/guide.embed.asp, inc/trailer.asp",,,dictionary,no,yes,,no,
guideTeam.asp,guideTeam.asp,asp,(root),file,page,10.94,181,medium,Team contributor guide,active,https://milon.madrasafree.com/guideTeam.asp,,,,,,"inc/inc.asp, inc/header.asp, inc/top.asp, inc/trailer.asp",,,user-accounts,no,yes,,,
img/,img,,(root),directory,,,,,Site images root,active,,0 (182 total),,,,,,,,,,,,,
img/labels/,labels,,img,directory,,,,,Label category images,active,,4,,,,,,,,,,,,,
img/links/,links,,img,directory,,,,,External link icons,active,,1,,,,,,,,,,,,,
img/lists/,lists,,img,directory,,,,,Word list cover images,active,,14,,,,,,,,,,,,,
img/pics/,pics,,img,directory,,,,,Word photo illustrations,active,,44,,,,,,,,,,,,,
img/profiles/,profiles,,img,directory,,,,,Volunteer profile photos,active,,21,,,,,,,,,,,,,
img/site/,site,,img,directory,,,,,"UI icons, logos, and banners",active,,74 (79 total),,,,,,,,,,,,,
img/site/stats/,stats,,img/site,directory,,,,,Statistics chart screenshots,active,,1,,,,,,,,,,,,,
img/site/team/,team,,img/site,directory,,,,,Team logo assets,active,,4,,,,,,,,,,,,,
img/tasks/,tasks,,img,directory,,,,,Task-related images,active,,19,,,,,,,,,,,,,
inc/,inc,,(root),directory,,,,,Shared server-side includes,active,,20 (33 total),,,,,,,,,,,,,
inc/audioPlayer.js,audioPlayer.js,js,inc,file,script,2.24,62,low,Audio hover/touch playback,active,,,,,,,,,,infrastructure,,no,,,
inc/banner.asp,banner.asp,asp,inc,file,include,4.01,160,medium,,active,,,arabicWords,media,,,,"default.asp, word.asp",,infrastructure,,no,,,
inc/bootstrap.min.js,bootstrap.min.js,js,inc,file,script,27.18,7,low,Bootstrap JS (minified),active,,,,,,,,,,infrastructure,,no,,,
inc/fonts/,fonts,,inc,directory,,,,,"Web fonts (Abraham, KeterYG, NotoSans)",active,,9,,,,,,,,,,,,,
inc/fonts/Abraham-Black.otf,Abraham-Black.otf,otf,inc/fonts,file,font,160.8,3002,,Abraham Hebrew font – Black weight,active,,,,,,,,,,infrastructure,,no,,,
inc/fonts/Abraham-Bold.otf,Abraham-Bold.otf,otf,inc/fonts,file,font,153.64,3017,,Abraham Hebrew font – Bold weight,active,,,,,,,,,,infrastructure,,no,,,
inc/fonts/Abraham-Light.otf,Abraham-Light.otf,otf,inc/fonts,file,font,145.63,2843,,Abraham Hebrew font – Light weight,active,,,,,,,,,,infrastructure,,no,,,
inc/fonts/Abraham-Medium.otf,Abraham-Medium.otf,otf,inc/fonts,file,font,155.1,2820,,Abraham Hebrew font – Medium weight,active,,,,,,,,,,infrastructure,,no,,,
inc/fonts/Abraham-Regular.otf,Abraham-Regular.otf,otf,inc/fonts,file,font,153.35,2676,,Abraham Hebrew font – Regular weight,active,,,,,,,,,,infrastructure,,no,,,
inc/fonts/Abraham-Thin.otf,Abraham-Thin.otf,otf,inc/fonts,file,font,150.25,2645,,Abraham Hebrew font – Thin weight,active,,,,,,,,,,infrastructure,,no,,,
inc/fonts/KeterYG-Medium.ttf,KeterYG-Medium.ttf,ttf,inc/fonts,file,font,104.55,558,,KeterYG Hebrew font – Medium weight,active,,,,,,,,,,infrastructure,,no,,,
inc/fonts/NotoSansHebrew-Thin.ttf,NotoSansHebrew-Thin.ttf,ttf,inc/fonts,file,font,27.09,367,,Noto Sans Hebrew font – Thin weight,active,,,,,,,,,,infrastructure,,no,,,
inc/fonts/NotoSerifHebrew-Regular.ttf,NotoSerifHebrew-Regular.ttf,ttf,inc/fonts,file,font,32.43,378,,Noto Serif Hebrew font – Regular weight,active,,,,,,,,,,infrastructure,,no,,,
inc/functions/,functions,,inc,directory,,,,,String and search utility includes,active,,4,,,,,,,,,,,,,
inc/functions/functions.asp,functions.asp,asp,inc/functions,file,include,0.37,16,low,Utility functions include,active,,,,,,,,"dashboard.lists.asp, default.asp, games.mem.asp, games.mem.list.asp, games.mem.pics.asp, json.asp, label.asp, lists.all.json.asp, lists.asp, sentence.asp, sentenceEdit.asp, sentenceNew.asp, sentences.asp, team.task.new.insert.asp, word.asp, word.edit.asp, word.history.asp, word.new.asp",,infrastructure,,no,,,
inc/functions/saa3a.js,saa3a.js,js,inc/functions,file,script,6.33,130,medium,JS helper: Arabic transliteration (saa3a),active,,,,,,,,,"inc/trailer.2022.asp, inc/trailer.asp",infrastructure,,no,,,
inc/functions/soundex.asp,soundex.asp,asp,inc/functions,file,include,3.18,126,medium,Soundex phonetic search (server),active,,,,,SELECT,read,,"sentenceEdit.update.asp, sentenceNew.insert.asp",,infrastructure,,no,,,
inc/functions/string.asp,string.asp,asp,inc/functions,file,include,2.8,103,medium,String manipulation utility functions,active,,,arabicWords,labels,"SELECT, UPDATE",read-write,,"inc/topTeam.asp, json.asp, lists.all.json.asp, sentenceNew.insert.asp, team.task.new.insert.asp, word.edit.asp",,infrastructure,,no,,,
inc/header.asp,header.asp,asp,inc,file,include,1.64,34,low,HTML head / Google Analytics include,active,,,arabicWords,media,,,,"about.asp, activity.asp, admin.asp, admin.labelControl.asp, admin.listAllWords.asp, admin.locked.asp, admin.log.duration.asp, admin.loginHistory.asp, admin.monitors.asp, admin.searchHistory.24h.asp, admin.searchHistory.7days.asp, admin.searchHistory.asp, admin.searchHistory.last50.asp, admin.searchHistory.noExact.asp, admin.searchHistory.noSentence.asp, admin.searchHistory.since2009.asp, admin.select.asp, admin.userControl.asp, admin.userControl.full.asp, admin.userEdit.asp, admin.userNew.asp, admin.wordsShort.asp, clock.asp, dashboard.asp, dashboard.lists.asp, default.ERR MSG.asp, default.asp, games.mem.asp, games.mem.list.asp, games.mem.pics.asp, guide.asp, guideTeam.asp, label.asp, labels.asp, list.audio.asp, list.pics.asp, list.vids.asp, lists.all.asp, lists.asp, listsEdit.asp, listsEdit.update.asp, listsNew.asp, listsNew.insert.asp, listsWord.insert.asp, listsWord.remove.asp, login.asp, login.fixhref.asp, profile.allwords.asp, profile.asp, sentence.asp, sentenceEdit.asp, sentenceNew.asp, sentences.asp, stats.asp, stats.topSearch.asp, team.task.edit.asp, team.task.edit.update.asp, team.task.new.asp, team.task.new.insert.asp, team.task.vote.asp, team.tasks.asp, users.asp, users.landingPage.asp, welcome.asp, word.asp, word.edit.asp, word.history.asp, word.new.asp",,infrastructure,,no,,,
inc/header2016x.asp,header2016x.asp,asp,inc,file,include,1.05,26,low,HTML head include – legacy 2016 version,legacy,,,,,,,,,,infrastructure,,no,,,
inc/header_admin.asp,header_admin.asp,asp,inc,file,include,0.31,9,low,HTML head include for admin pages,active,,,,,,,,,,infrastructure,,no,,,
inc/inc.asp,inc.asp,asp,inc,file,include,2.2,66,low,Database connection include,active,,,,,INSERT,write,,"about.asp, activity.asp, admin.allowEditToggle.asp, admin.asp, admin.labelControl.asp, admin.labelNew.insert.asp, admin.listAllWords.asp, admin.locked.asp, admin.log.duration.asp, admin.loginHistory.asp, admin.monitors.asp, admin.readOnlyToggle.asp, admin.searchHistory.24h.asp, admin.searchHistory.7days.asp, admin.searchHistory.asp, admin.searchHistory.last50.asp, admin.searchHistory.noExact.asp, admin.searchHistory.noSentence.asp, admin.searchHistory.since2009.asp, admin.select.asp, admin.userControl.asp, admin.userControl.full.asp, admin.userEdit.asp, admin.userEdit.update.asp, admin.userNew.asp, admin.userNew.insert.asp, admin.wordsShort.asp, clock.asp, dashboard.asp, dashboard.lists.asp, default.asp, default.min.asp, games.mem.asp, games.mem.list.asp, games.mem.pics.asp, guide.asp, guideTeam.asp, label.asp, labels.asp, list.audio.asp, list.pics.asp, list.vids.asp, lists.all.asp, lists.asp, listsEdit.asp, listsEdit.update.asp, listsNew.asp, listsNew.insert.asp, listsToggle.asp, listsWord.insert.asp, listsWord.remove.asp, login.asp, login.fixhref.asp, profile.allwords.asp, profile.asp, sentence.asp, sentenceEdit.asp, sentenceEdit.update.asp, sentenceNew.asp, sentenceNew.insert.asp, sentences.asp, stats.asp, stats.topSearch.asp, team.task.edit.asp, team.task.edit.update.asp, team.task.new.asp, team.task.new.insert.asp, team.task.vote.asp, team.tasks.asp, users.asp, users.landingPage.asp, welcome.asp, word.asp, word.edit.asp, word.history.asp, word.new.asp",,infrastructure,,no,,,
inc/inc_admin.asp,inc_admin.asp,asp,inc,file,include,0.92,34,low,"Admin DB connection (dev/local URLs, non-production)",active,,,,,,,,,,infrastructure,,no,,,
inc/inc_onlineNEW.asp,inc_onlineNEW.asp,asp,inc,file,include,0.83,33,low,DB connection with local/online URL config (new),active,,,,,,,,,,infrastructure,,no,,,
inc/inc_sql.asp,inc_sql.asp,asp,inc,file,include,1.44,50,low,SQL Server connection (migration),active,,,,,,,,,,infrastructure,,no,,,
inc/time.asp,time.asp,asp,inc,file,include,3.01,100,medium,Server time display include,active,,,,,SELECT,read,,"activity.asp, admin.asp, admin.locked.asp, admin.log.duration.asp, admin.monitors.asp, admin.searchHistory.24h.asp, admin.searchHistory.7days.asp, admin.searchHistory.asp, admin.searchHistory.last50.asp, admin.searchHistory.noExact.asp, admin.searchHistory.noSentence.asp, admin.searchHistory.since2009.asp, admin.userControl.asp, admin.userControl.full.asp, admin.userNew.insert.asp, admin.wordsShort.asp, default.asp, inc/top_admin.asp, lists.all.asp, lists.asp, listsEdit.update.asp, listsNew.insert.asp, listsWord.insert.asp, listsWord.remove.asp, login.asp, login.fixhref.asp, profile.allwords.asp, sentenceNew.insert.asp, team.task.edit.update.asp, team.task.new.insert.asp, team.task.vote.asp, team.tasks.asp, word.asp, word.edit.asp, word.history.asp",,infrastructure,,no,,,
inc/top.asp,top.asp,asp,inc,file,include,12.5,468,high,Top navigation include,active,,,"arabicWords, arabicManager","labels, lists, media, tasks","SELECT, UPDATE",read-write,,"about.asp, activity.asp, admin.asp, admin.labelControl.asp, admin.listAllWords.asp, admin.locked.asp, admin.log.duration.asp, admin.loginHistory.asp, admin.monitors.asp, admin.searchHistory.24h.asp, admin.searchHistory.7days.asp, admin.searchHistory.asp, admin.searchHistory.last50.asp, admin.searchHistory.noExact.asp, admin.searchHistory.noSentence.asp, admin.searchHistory.since2009.asp, admin.userControl.asp, admin.userControl.full.asp, admin.wordsShort.asp, clock.asp, dashboard.asp, dashboard.lists.asp, default.asp, games.mem.asp, games.mem.list.asp, games.mem.pics.asp, guide.asp, guideTeam.asp, label.asp, labels.asp, list.audio.asp, list.pics.asp, list.vids.asp, lists.all.asp, lists.asp, listsEdit.asp, listsEdit.update.asp, listsNew.asp, listsNew.insert.asp, login.asp, profile.allwords.asp, profile.asp, sentence.asp, sentenceEdit.asp, sentenceEdit.update.asp, sentenceNew.asp, sentenceNew.insert.asp, sentences.asp, stats.asp, stats.topSearch.asp, team.task.edit.asp, team.task.new.asp, team.tasks.asp, users.asp, users.landingPage.asp, welcome.asp, word.asp, word.edit.asp, word.history.asp, word.new.asp",,infrastructure,,no,,,
inc/top.links.asp,top.links.asp,asp,inc,file,include,0.72,16,low,"Header links to Facebook, videos, apps, etc.",active,,,,,,,,,,infrastructure,,no,,,
inc/top.temp.asp,top.temp.asp,asp,inc,file,include,8.59,197,medium,"Temp helpers: logout, Hebrew text correction",active,,,arabicWords,"labels, lists","SELECT, UPDATE",read-write,,,,infrastructure,,no,,,
inc/top_admin.asp,top_admin.asp,asp,inc,file,include,0.83,21,low,Top navigation for admin section,active,,,,,,,inc/time.asp,,,infrastructure,,no,,,
inc/topNav.asp,topNav.asp,asp,inc,file,include,3.58,101,medium,Main site navigation bar with user profile image,active,,,arabicWords,"labels, lists",,,,,,infrastructure,,no,,,
inc/topTeam.asp,topTeam.asp,asp,inc,file,include,4.31,116,medium,Top navigation for team section with user profile,active,,,"arabicWords, arabicUsers","labels, lists, users",SELECT,read,inc/functions/string.asp,,,infrastructure,,no,,,
inc/trailer.2022.asp,trailer.2022.asp,asp,inc,file,include,8.61,311,high,Page footer: last-search display and clock widget,legacy,,,"arabicWords, arabicUsers","labels, lists, media, users",,,,,,infrastructure,,no,,,
inc/trailer.asp,trailer.asp,asp,inc,file,include,3.54,93,medium,Page footer include,active,,,arabicUsers,users,SELECT,read,,"about.asp, activity.asp, admin.asp, admin.listAllWords.asp, admin.locked.asp, admin.log.duration.asp, admin.monitors.asp, admin.searchHistory.24h.asp, admin.searchHistory.7days.asp, admin.searchHistory.asp, admin.searchHistory.last50.asp, admin.searchHistory.noExact.asp, admin.searchHistory.noSentence.asp, admin.searchHistory.since2009.asp, admin.wordsShort.asp, clock.asp, dashboard.asp, dashboard.lists.asp, default.asp, games.mem.asp, games.mem.list.asp, games.mem.pics.asp, guide.asp, guideTeam.asp, label.asp, labels.asp, list.audio.asp, list.pics.asp, list.vids.asp, lists.all.asp, lists.asp, listsEdit.asp, listsNew.asp, login.asp, login.fixhref.asp, profile.allwords.asp, profile.asp, sentence.asp, sentenceEdit.asp, sentenceNew.asp, sentences.asp, stats.asp, stats.topSearch.asp, team.task.edit.asp, team.task.new.asp, team.tasks.asp, users.asp, users.landingPage.asp, welcome.asp, word.asp, word.edit.asp, word.history.asp, word.new.asp",,infrastructure,,no,,,
inc/youtube.js,youtube.js,js,inc,file,script,3.27,1,low,YouTube embed helper,active,,,,,,,,,list.vids.asp,infrastructure,,no,,,
json.asp,json.asp,asp,(root),file,page,2.51,86,medium,JSON API endpoint,active,https://milon.madrasafree.com/json.asp,,arabicWords,words,SELECT,read,"inc/functions/string.asp, inc/functions/functions.asp",,,dictionary,no,yes,,,
label.asp,label.asp,asp,(root),file,page,7.57,194,medium,Label detail page,active,https://milon.madrasafree.com/label.asp,,arabicWords,"labels, media, words, wordsLabels, wordsMedia","SELECT, UPDATE",read-write,"inc/inc.asp, inc/functions/functions.asp, inc/header.asp, inc/top.asp, inc/trailer.asp",,,dictionary,no,yes,,,
labels.asp,labels.asp,asp,(root),file,page,1.98,64,low,Tag cloud of all topic labels; font size scales with word count (7 tiers). N+1 query pattern: one SELECT COUNT per label. Links to label.asp.,active,https://milon.madrasafree.com/labels.asp,,arabicWords,"labels, wordsLabels",SELECT,read,"inc/inc.asp, inc/header.asp, inc/top.asp, inc/trailer.asp",,,dictionary,no,yes,,no,
list.audio.asp,list.audio.asp,asp,(root),file,page,4.43,98,medium,Word list with audio player,active,https://milon.madrasafree.com/list.audio.asp,,arabicWords,"media, words, wordsMedia",SELECT,read,"inc/inc.asp, inc/header.asp, inc/top.asp, inc/trailer.asp",,,lists,no,yes,,,
list.pics.asp,list.pics.asp,asp,(root),file,page,4.19,87,medium,Word list with pictures,active,https://milon.madrasafree.com/list.pics.asp,,arabicWords,"media, words, wordsMedia",SELECT,read,"inc/inc.asp, inc/header.asp, inc/top.asp, inc/trailer.asp",,,lists,no,yes,,,
list.vids.asp,list.vids.asp,asp,(root),file,page,5.65,121,medium,Word list with videos,active,https://milon.madrasafree.com/list.vids.asp,,arabicWords,"media, words, wordsMedia",SELECT,read,"inc/inc.asp, inc/header.asp, inc/top.asp, inc/trailer.asp",,,lists,no,yes,,,
lists.all.asp,lists.all.asp,asp,(root),file,page,11.65,286,medium,All lists index,active,https://milon.madrasafree.com/lists.all.asp,,"arabicWords, arabicUsers","lists, listsUsers, users",SELECT,read,"inc/inc.asp, inc/header.asp, inc/time.asp, inc/top.asp, inc/trailer.asp",,,lists,no,yes,,,
lists.all.json.asp,lists.all.json.asp,asp,(root),file,page,1.15,48,low,API: all curated word lists as JSON,active,https://milon.madrasafree.com/lists.all.json.asp,,arabicWords,lists,SELECT,read,"inc/functions/string.asp, inc/functions/functions.asp",,,lists,no,yes,,,
lists.asp,lists.asp,asp,(root),file,page,19.62,534,high,Curated word lists,active,https://milon.madrasafree.com/lists.asp,,"arabicWords, arabicUsers","lists, listsUsers, media, users, words, wordsLists, wordsMedia","DELETE, INSERT, SELECT, UPDATE",read-write,"inc/inc.asp, inc/functions/functions.asp, inc/time.asp, inc/header.asp, inc/top.asp, inc/trailer.asp",,,lists,no,yes,,,
listsEdit.asp,listsEdit.asp,asp,(root),file,page,4.31,130,medium,Edit an existing curated word list,active,https://milon.madrasafree.com/listsEdit.asp,,"arabicWords, arabicUsers","allowEdit, lists","SELECT, UPDATE",read-write,"inc/inc.asp, inc/header.asp, inc/top.asp, inc/trailer.asp",,,lists,no,yes,,,
listsEdit.update.asp,listsEdit.update.asp,asp,(root),file,handler,2.57,87,medium,Handler: save word list edits,active,,,"arabicWords, arabicUsers","allowEdit, lists","SELECT, UPDATE",read-write,"inc/inc.asp, inc/header.asp, inc/top.asp, inc/time.asp",,,lists,,no,,,
listsNew.asp,listsNew.asp,asp,(root),file,page,4.88,152,medium,Create a new curated word list,active,https://milon.madrasafree.com/listsNew.asp,,"arabicWords, arabicUsers","allowEdit, lists, users","INSERT, SELECT",read-write,"inc/inc.asp, inc/header.asp, inc/top.asp, inc/trailer.asp",,,lists,no,yes,,,
listsNew.insert.asp,listsNew.insert.asp,asp,(root),file,handler,2.41,88,medium,Handler: insert new word list,active,,,"arabicWords, arabicUsers","allowEdit, lists","INSERT, SELECT",read-write,"inc/inc.asp, inc/header.asp, inc/top.asp, inc/time.asp",,,lists,,no,,,
listsToggle.asp,listsToggle.asp,asp,(root),file,page,2.42,83,medium,Handler: add/remove list from user favourites,active,https://milon.madrasafree.com/listsToggle.asp,,"arabicWords, arabicUsers","allowEdit, lists, listsUsers","DELETE, INSERT, SELECT",read-write,inc/inc.asp,,,lists,no,yes,,,
listsWord.insert.asp,listsWord.insert.asp,asp,(root),file,handler,3.02,111,medium,Handler: add a word to a list,active,,,"arabicWords, arabicUsers","allowEdit, lists, wordsLists","INSERT, SELECT, UPDATE",read-write,"inc/inc.asp, inc/header.asp, inc/time.asp",,,lists,,no,,,
listsWord.remove.asp,listsWord.remove.asp,asp,(root),file,handler,2.0,76,low,Handler: remove a word from a list,active,,,"arabicWords, arabicUsers","allowEdit, lists, wordsLists","DELETE, SELECT, UPDATE",read-write,"inc/inc.asp, inc/header.asp, inc/time.asp",,,lists,,no,,,
login.asp,login.asp,asp,(root),file,page,7.03,192,medium,Login page,active,https://milon.madrasafree.com/login.asp,,"arabicWords, arabicUsers","allowEdit, loginLog, media, users","INSERT, SELECT",read-write,"inc/inc.asp, inc/time.asp, inc/header.asp, inc/top.asp, inc/trailer.asp",,,user-accounts,no,yes,,,
login.fixhref.asp,login.fixhref.asp,asp,(root),file,page,4.79,140,medium,Login redirect helper,active,https://milon.madrasafree.com/login.fixhref.asp,,"arabicWords, arabicUsers","allowEdit, loginLog, media, users","INSERT, SELECT",read-write,"inc/inc.asp, inc/time.asp, inc/header.asp, inc/trailer.asp",,,user-accounts,no,yes,,,
profile.allwords.asp,profile.allwords.asp,asp,(root),file,page,11.88,235,medium,Profile: all words contributed by a user,active,https://milon.madrasafree.com/profile.allwords.asp,,"arabicWords, arabicUsers","history, media, users, words, wordsLabels, wordsLinks, wordsMedia",SELECT,read,"inc/inc.asp, inc/time.asp, inc/header.asp, inc/top.asp, inc/trailer.asp",,,user-accounts,no,yes,,,
profile.asp,profile.asp,asp,(root),file,page,32.75,834,high,User profile,active,https://milon.madrasafree.com/profile.asp,,"arabicWords, arabicUsers","history, labels, lists, media, users, words, wordsMedia",SELECT,read,"inc/inc.asp, inc/header.asp, team/inc/time.asp, inc/top.asp, inc/trailer.asp",,,user-accounts,no,yes,,,
README.md,README.md,md,(root),file,doc,2.48,45,low,Project documentation,active,,,,,,,,,,infrastructure,,no,,,
robots.txt,robots.txt,txt,(root),file,doc,0.08,4,low,Search engine crawl rules,active,,,,,,,,,,infrastructure,,no,,,
sentence.asp,sentence.asp,asp,(root),file,page,6.14,226,medium,,active,https://milon.madrasafree.com/sentence.asp,,arabicWords,"media, sentences, words, wordsSentences",SELECT,read,"inc/inc.asp, inc/functions/functions.asp, inc/header.asp, inc/top.asp, inc/trailer.asp",,,dictionary,no,yes,,,
sentenceEdit.asp,sentenceEdit.asp,asp,(root),file,page,10.48,253,medium,Edit an existing example sentence,active,https://milon.madrasafree.com/sentenceEdit.asp,,"arabicWords, arabicUsers","allowEdit, sentences, words, wordsSentences","SELECT, UPDATE",read-write,"inc/inc.asp, inc/header.asp, inc/functions/functions.asp, inc/top.asp, team/guide.embed.nikud.asp, team/guide.embed.asp, inc/trailer.asp",,,dictionary,no,yes,,,
sentenceEdit.update.asp,sentenceEdit.update.asp,asp,(root),file,handler,3.84,138,medium,Handler: save sentence edits,active,,,"arabicWords, arabicUsers","allowEdit, history, sentences, words, wordsSentences","DELETE, INSERT, SELECT, UPDATE",read-write,"inc/inc.asp, inc/functions/soundex.asp, inc/top.asp",,,dictionary,,no,,,
sentenceNew.asp,sentenceNew.asp,asp,(root),file,page,10.7,274,medium,Add a new example sentence to a word,active,https://milon.madrasafree.com/sentenceNew.asp,,"arabicWords, arabicUsers","allowEdit, sentences, words, wordsRelations","INSERT, SELECT",read-write,"inc/inc.asp, inc/header.asp, inc/functions/functions.asp, inc/top.asp, team/guide.embed.nikud.asp, team/guide.embed.asp, inc/trailer.asp",,,dictionary,no,yes,,,
sentenceNew.insert.asp,sentenceNew.insert.asp,asp,(root),file,handler,2.65,83,medium,Handler: insert new example sentence,active,,,"arabicWords, arabicUsers","allowEdit, sentences","INSERT, SELECT",read-write,"inc/inc.asp, inc/time.asp, inc/functions/soundex.asp, inc/functions/string.asp, inc/top.asp",,,dictionary,,no,,,
sentences.asp,sentences.asp,asp,(root),file,page,3.75,171,medium,Sentences index / browse page,active,https://milon.madrasafree.com/sentences.asp,,arabicWords,"media, sentences, words, wordsSentences",SELECT,read,"inc/inc.asp, inc/functions/functions.asp, inc/header.asp, inc/top.asp, inc/trailer.asp",,,dictionary,no,yes,,,
stats.asp,stats.asp,asp,(root),file,page,6.88,226,medium,Site statistics,active,https://milon.madrasafree.com/stats.asp,,"arabicWords, arabicUsers, arabicSearch","labels, lists, media, users, words, wordsRelations, wordsSearched",SELECT,read,"inc/inc.asp, inc/header.asp, inc/top.asp, inc/trailer.asp",,,admin,,no,,,
stats.topSearch.asp,stats.topSearch.asp,asp,(root),file,page,1.97,69,low,Stats: top 100 most-searched words,active,https://milon.madrasafree.com/stats.topSearch.asp,,arabicSearch,wordsSearched,SELECT,read,"inc/inc.asp, inc/header.asp, inc/top.asp, inc/trailer.asp",,,admin,,no,,,
team.task.edit.asp,team.task.edit.asp,asp,(root),file,page,8.94,203,medium,Team tasks: edit,active,https://milon.madrasafree.com/team.task.edit.asp,,arabicManager,"subTasks, tasks","SELECT, UPDATE",read-write,"inc/inc.asp, inc/header.asp, inc/top.asp, inc/trailer.asp",,,team-tools,no,yes,,,
team.task.edit.update.asp,team.task.edit.update.asp,asp,(root),file,handler,4.07,125,medium,Handler: save team task edits,active,,,arabicManager,"subTasks, tasks","DELETE, INSERT, SELECT, UPDATE",read-write,"inc/inc.asp, team/inc/functions/string.asp, inc/header.asp, inc/time.asp",,,team-tools,,no,,,
team.task.new.asp,team.task.new.asp,asp,(root),file,page,5.77,136,medium,Team tasks: new,active,https://milon.madrasafree.com/team.task.new.asp,,arabicManager,"subTasks, tasks","INSERT, SELECT",read-write,"inc/inc.asp, inc/header.asp, inc/top.asp, inc/trailer.asp",,,team-tools,no,yes,,,
team.task.new.insert.asp,team.task.new.insert.asp,asp,(root),file,handler,3.56,130,medium,Handler: insert new team task,active,,,"arabicWords, arabicManager","labels, subTasks, tasks","INSERT, SELECT",read-write,"inc/inc.asp, inc/functions/functions.asp, inc/functions/string.asp, inc/header.asp, inc/time.asp",,,team-tools,,no,,,
team.task.vote.asp,team.task.vote.asp,asp,(root),file,page,1.95,73,low,Team tasks: vote,active,https://milon.madrasafree.com/team.task.vote.asp,,arabicManager,"tasks, tasksVoting","DELETE, INSERT, SELECT",read-write,"inc/inc.asp, team/inc/functions/string.asp, inc/header.asp, inc/time.asp",,,team-tools,no,yes,,,
team.tasks.asp,team.tasks.asp,asp,(root),file,page,29.42,642,high,Team tasks: list,active,https://milon.madrasafree.com/team.tasks.asp,,arabicManager,"subTasks, tasks, tasksVoting","INSERT, SELECT",read-write,"inc/inc.asp, inc/time.asp, inc/header.asp, inc/top.asp, inc/trailer.asp",,,team-tools,no,yes,,,
team/,team,,(root),directory,,,,,Volunteer word contribution section,active,,21 (43 total),,,,,,,,,,,,,
team/default.asp,default.asp,asp,team,file,page,2.24,64,low,Team section homepage,active,https://milon.madrasafree.com/team/default.asp,,"arabicWords, arabicManager","media, tasks",,,"team/inc/inc.asp, team/inc/header.asp, team/inc/top.asp, team/inc/topTeam.asp, team/inc/trailer.asp",,,team-tools,team,no,,,
team/edit.update.asp,edit.update.asp,asp,team,file,handler,16.65,590,high,Handler: save word edit from team contributor,active,,,"arabicWords, arabicUsers","history, labels, media, users, words, wordsLabels, wordsMedia, wordsRelations","DELETE, INSERT, SELECT, UPDATE",read-write,"team/inc/inc.asp, team/inc/functions/soundex.asp, team/inc/functions/string.asp, team/inc/time.asp",,,team-tools,team,no,,,
team/guide.embed.asp,guide.embed.asp,asp,team,file,page,25.18,662,high,All guide content: 28-consonant table with audio (Wikimedia .ogg) + vowels + shada + al + special chars. Uses showShada() for Android rendering. No #include or DB access.,active,https://milon.madrasafree.com/team/guide.embed.asp,,,,,,,"guide.asp, sentenceEdit.asp, sentenceNew.asp, word.edit.asp, word.new.asp",,dictionary,no,no,,no,embedded in guide.asp and team word-entry pages; one hidden <tr> for ق variant — dead HTML
team/guide.embed.nikud.asp,guide.embed.nikud.asp,asp,team,file,page,2.88,106,medium,Embeddable guide with nikud (Hebrew vowel marks),active,https://milon.madrasafree.com/team/guide.embed.nikud.asp,,,,,,,"sentenceEdit.asp, sentenceNew.asp, word.edit.asp, word.new.asp",,team-tools,team,no,,,
team/img/,img,,team,directory,,,,,Team section images,active,,6,,,,,,,,,,,,,
team/inc/,inc,,team,directory,,,,,Team section shared includes,active,,11 (13 total),,,,,,,,,,,,,
team/inc/arabicTeam.css,arabicTeam.css,css,team/inc,file,style,3.14,61,low,Team section main stylesheet,active,,,,,,,,,"default.ERR MSG.asp, profile.allwords.asp, profile.asp, word.asp, word.edit.asp, word.history.asp, word.new.asp",infrastructure,,no,,,
team/inc/edit.css,edit.css,css,team/inc,file,style,3.85,121,medium,Word edit form stylesheet,active,,,,,,,,,"lists.asp, sentenceEdit.asp, sentenceNew.asp, word.edit.asp, word.new.asp",infrastructure,,no,,,
team/inc/functions.asp,functions.asp,asp,team/inc,file,include,0.46,20,low,showShada() / isAndroid() — replaces Arabic shada U+0651 with Hebrew varika U+FB1E on Android for correct rendering,active,,,,,,,,guide.asp,,infrastructure,team,no,,no,
team/inc/functions/,functions,,team/inc,directory,,,,,Team section utility functions,active,,2,,,,,,,,,,,,,
team/inc/functions/soundex.asp,soundex.asp,asp,team/inc/functions,file,include,3.15,124,medium,Soundex phonetic search (team section copy),active,,,,,SELECT,read,,"default.asp, default.min.asp, team/edit.update.asp, team/new.insert.asp",,infrastructure,team,no,,,
team/inc/functions/string.asp,string.asp,asp,team/inc/functions,file,include,2.8,103,medium,String utility functions (team section copy),active,,,arabicWords,labels,"SELECT, UPDATE",read-write,,"default.asp, default.min.asp, team.task.edit.update.asp, team.task.vote.asp, team/edit.update.asp, team/new.insert.asp",,infrastructure,team,no,,,
team/inc/guide.css,guide.css,css,team/inc,file,style,0.95,19,low,Styles for guide tables and audio players; shared with team word-entry pages (new/edit),active,,,,,,,,,"guide.asp, word.edit.asp, word.new.asp",infrastructure,,no,,no,
team/inc/header.asp,header.asp,asp,team/inc,file,include,1.53,33,low,HTML head include for team section,active,,,arabicWords,media,,,,"team/default.asp, team/mediaControl.asp, team/mediaEdit.asp, team/mediaEdit.update.asp, team/mediaNew.asp, team/mediaNew.insert.asp",,infrastructure,team,no,,,
team/inc/inc.asp,inc.asp,asp,team/inc,file,include,2.33,72,low,Database connection include (team section),active,,,,,INSERT,write,,"team/default.asp, team/edit.update.asp, team/mediaControl.asp, team/mediaEdit.asp, team/mediaEdit.update.asp, team/mediaNew.asp, team/mediaNew.insert.asp, team/new.insert.asp, team/user.insert.asp, team/word.correct.asp, team/word.correct.quick.asp, team/word.erroneous.asp, team/word.hide.asp, team/word.reset.asp",,infrastructure,team,no,,,
team/inc/inc_online.asp,inc_online.asp,asp,team/inc,file,include,0.98,38,low,Online users tracking include (team copy),active,,,,,,,,,,infrastructure,team,no,,,
team/inc/time.asp,time.asp,asp,team/inc,file,include,2.58,89,medium,Server time include (team section copy),active,,,,,SELECT,read,,"profile.asp, team/edit.update.asp, team/mediaEdit.update.asp, team/mediaNew.insert.asp, team/new.insert.asp, team/user.insert.asp, welcome.asp",,infrastructure,team,no,,,
team/inc/top.asp,top.asp,asp,team/inc,file,include,4.89,109,medium,,active,,,arabicWords,"labels, lists","SELECT, UPDATE",read-write,,"team/default.asp, team/mediaControl.asp, team/mediaEdit.asp, team/mediaNew.asp, team/new.insert.asp",,infrastructure,team,no,,,
team/inc/topTeam.asp,topTeam.asp,asp,team/inc,file,include,0.43,8,low,Top navigation (team section copy),active,,,,,,,,"team/default.asp, team/mediaControl.asp, team/mediaEdit.asp, team/mediaNew.asp",,infrastructure,team,no,,,
team/inc/trailer.asp,trailer.asp,asp,team/inc,file,include,3.73,67,low,Page footer include (team section copy),active,,,,,,,,"team/default.asp, team/mediaControl.asp, team/mediaEdit.asp, team/mediaNew.asp",,infrastructure,team,no,,,
team/js/,js,,team,directory,,,,,Team section JavaScript,active,,3,,,,,,,,,,,,,
team/js/jquery.list.update.js,jquery.list.update.js,js,team/js,file,script,1.78,64,low,JS: update word-list membership via AJAX,active,,,,,,,,,lists.asp,team-tools,,no,,,
team/js/jquery.new.edit.js,jquery.new.edit.js,js,team/js,file,script,9.59,305,high,JS: form validation and field limits for word edit,active,,,,,,,,,"word.edit.asp, word.new.asp",team-tools,,no,,,
team/js/scripts.js,scripts.js,js,team/js,file,script,3.28,119,medium,JS: image URL HTTPS validation for contributions,active,,,,,,,,,,team-tools,,no,,,
team/login.asp,login.asp,asp,team,file,page,0.23,13,low,Login page,active,https://milon.madrasafree.com/team/login.asp,,,,,,,,,team-tools,team,no,,,
team/mediaControl.asp,mediaControl.asp,asp,team,file,page,4.02,103,medium,Media management: list audio/video files for words,active,https://milon.madrasafree.com/team/mediaControl.asp,,arabicWords,"media, words, wordsMedia",SELECT,read,"team/inc/inc.asp, team/inc/header.asp, team/inc/top.asp, team/inc/topTeam.asp, team/inc/trailer.asp",,,team-tools,team,no,,,
team/mediaEdit.asp,mediaEdit.asp,asp,team,file,page,4.36,113,medium,Media management: edit a media file record,active,https://milon.madrasafree.com/team/mediaEdit.asp,,"arabicWords, arabicUsers","allowEdit, media, users","SELECT, UPDATE",read-write,"team/inc/inc.asp, team/inc/header.asp, team/inc/top.asp, team/inc/topTeam.asp, team/inc/trailer.asp",,,team-tools,team,no,,,
team/mediaEdit.update.asp,mediaEdit.update.asp,asp,team,file,handler,2.37,77,low,Handler: save media file edits,active,,,"arabicWords, arabicUsers","allowEdit, history, media","INSERT, SELECT, UPDATE",read-write,"team/inc/inc.asp, team/inc/header.asp, team/inc/time.asp",,,team-tools,team,no,,,
team/mediaNew.asp,mediaNew.asp,asp,team,file,page,3.5,93,medium,Media management: upload new audio/video file,active,https://milon.madrasafree.com/team/mediaNew.asp,,arabicUsers,"allowEdit, users","INSERT, SELECT",read-write,"team/inc/inc.asp, team/inc/header.asp, team/inc/top.asp, team/inc/topTeam.asp, team/inc/trailer.asp",,,team-tools,team,no,,,
team/mediaNew.insert.asp,mediaNew.insert.asp,asp,team,file,handler,2.67,87,medium,Handler: insert new media file record,active,,,"arabicWords, arabicUsers","allowEdit, media","INSERT, SELECT",read-write,"team/inc/inc.asp, team/inc/header.asp, team/inc/time.asp",,,team-tools,team,no,,,
team/new.insert.asp,new.insert.asp,asp,team,file,handler,7.69,274,medium,Handler: insert new word submission from contributor,active,,,"arabicWords, arabicUsers","labels, users, words, wordsLabels, wordsLinks, wordsRelations, wordsShort","INSERT, SELECT",read-write,"team/inc/inc.asp, team/inc/time.asp, team/inc/functions/soundex.asp, team/inc/functions/string.asp, team/inc/top.asp",,,team-tools,team,no,,,
team/send_email.newWord.php,send_email.newWord.php,php,team,file,script,1.0,40,low,Email: notify admin on new word submission,active,,,,,,,,,,team-tools,team,no,,,
team/send_email.php,send_email.php,php,team,file,script,1.78,52,low,Email: general team notification sender,active,,,,,,,,,,team-tools,team,no,,,
team/send_email_verify.php,send_email_verify.php,php,team,file,script,3.13,76,low,Email: send account verification to new volunteer,active,,,,,,,,,,team-tools,team,no,,,
team/send_email_wordEdit.php,send_email_wordEdit.php,php,team,file,script,2.68,74,low,Email: notify admin on word edit submission,active,,,,,,,,,,team-tools,team,no,,,
team/user.insert.asp,user.insert.asp,asp,team,file,handler,3.83,111,medium,Handler: register new volunteer account,active,,,arabicUsers,users,"INSERT, SELECT",read-write,"team/inc/inc.asp, team/inc/time.asp",,,team-tools,team,no,,,
team/word.correct.asp,word.correct.asp,asp,team,file,page,2.04,66,low,Handler: approve and publish a contributed word,active,https://milon.madrasafree.com/team/word.correct.asp,,arabicWords,"history, words","INSERT, UPDATE",write,team/inc/inc.asp,,,team-tools,team,no,,,
team/word.correct.quick.asp,word.correct.quick.asp,asp,team,file,page,9.4,282,medium,Handler: quick-approve word (bypass full review),active,https://milon.madrasafree.com/team/word.correct.quick.asp,,"arabicWords, arabicUsers","history, labels, lists, users, words, wordsLabels","INSERT, SELECT, UPDATE",read-write,team/inc/inc.asp,,,team-tools,team,no,,,
team/word.erroneous.asp,word.erroneous.asp,asp,team,file,page,2.26,70,low,Handler: flag word as erroneous with error type,active,https://milon.madrasafree.com/team/word.erroneous.asp,,arabicWords,"history, words","INSERT, UPDATE",write,team/inc/inc.asp,,,team-tools,team,no,,,
team/word.hide.asp,word.hide.asp,asp,team,file,page,2.12,77,low,Handler: hide word from public view,active,https://milon.madrasafree.com/team/word.hide.asp,,arabicWords,"history, words","INSERT, SELECT, UPDATE",read-write,team/inc/inc.asp,,,team-tools,team,no,,,
team/word.reset.asp,word.reset.asp,asp,team,file,page,2.14,69,low,Handler: reset word status to pending,active,https://milon.madrasafree.com/team/word.reset.asp,,arabicWords,"history, words","INSERT, UPDATE",write,team/inc/inc.asp,,,team-tools,team,no,,,
users.asp,users.asp,asp,(root),file,page,3.2,99,medium,Users list / management,active,https://milon.madrasafree.com/users.asp,,arabicUsers,users,SELECT,read,"inc/inc.asp, inc/header.asp, inc/top.asp, inc/trailer.asp",,,user-accounts,,no,,,
users.landingPage.asp,users.landingPage.asp,asp,(root),file,page,2.15,79,low,Users landing page,active,https://milon.madrasafree.com/users.landingPage.asp,,"arabicUsers, arabicManager","tasks, users",,,"inc/inc.asp, inc/header.asp, inc/top.asp, inc/trailer.asp",,,user-accounts,,no,,,
web.config,web.config,config,(root),file,config,0.59,21,low,IIS production config — blocks /docs/ via hiddenSegments; Plesk compilation temp dir,active,,,,,,,,,,infrastructure,,no,,,"production config tracked in git; use --skip-worktree locally with web.config.local content"
web.config.local,web.config.local,local,(root),file,config,0.18,6,low,Local dev IIS config reference — errorMode Detailed (shows raw errors),active,,,,,,,,,,infrastructure,,no,,no,"reference template; copy to web.config when developing locally (skip-worktree)"
web.config.prod,web.config.prod,prod,(root),file,config,0.59,21,low,Production IIS config reference — mirrors web.config in git,active,,,,,,,,,,infrastructure,,no,,no,reference template mirroring the tracked web.config
welcome.asp,welcome.asp,asp,(root),file,page,7.0,130,medium,Welcome / onboarding page,active,https://milon.madrasafree.com/welcome.asp,,arabicWords,lists,,,"inc/inc.asp, team/inc/time.asp, inc/header.asp, inc/top.asp, inc/trailer.asp",,,user-accounts,no,yes,,,
word.asp,word.asp,asp,(root),file,page,43.94,998,high,,active,https://milon.madrasafree.com/word.asp,,"arabicWords, arabicUsers","history, labels, lists, media, sentences, users, words, wordsLabels, wordsLists, wordsMedia, wordsRelations, wordsSentences","INSERT, SELECT",read-write,"inc/inc.asp, inc/functions/functions.asp, inc/time.asp, inc/header.asp, inc/top.asp, inc/banner.asp, inc/trailer.asp",,,dictionary,no,yes,,,
word.edit.asp,word.edit.asp,asp,(root),file,page,45.33,712,high,Word edit form,active,https://milon.madrasafree.com/word.edit.asp,,"arabicWords, arabicUsers","allowEdit, labels, media, words, wordsLabels, wordsMedia, wordsRelations","SELECT, UPDATE",read-write,"inc/inc.asp, inc/functions/string.asp, inc/functions/functions.asp, inc/time.asp, inc/header.asp, inc/top.asp, team/guide.embed.nikud.asp, team/guide.embed.asp, inc/trailer.asp",,,dictionary,no,yes,,,
word.history.asp,word.history.asp,asp,(root),file,page,20.85,492,high,Word edit history log,active,https://milon.madrasafree.com/word.history.asp,,"arabicWords, arabicUsers","history, labels, users, words",SELECT,read,"inc/inc.asp, inc/functions/functions.asp, inc/time.asp, inc/header.asp, inc/top.asp, inc/trailer.asp",,,dictionary,no,yes,,,
word.new.asp,word.new.asp,asp,(root),file,page,26.26,426,high,New word submission form,active,https://milon.madrasafree.com/word.new.asp,,"arabicWords, arabicUsers","allowEdit, labels, media, words, wordsRelations","INSERT, SELECT",read-write,"inc/inc.asp, inc/header.asp, inc/functions/functions.asp, inc/top.asp, team/guide.embed.nikud.asp, team/guide.embed.asp, inc/trailer.asp",,,dictionary,no,yes,,,
